item,qty,spec,supplier,unit_cost_usd,make_buy,notes
1 Near stand base frame,1,"Rectangle 1750 x 660 mm of 40 x 40 x 2 mm SHS with a mid rail under the rear tower plate; 304 stainless; about 15 kg",Local stainless stockist (sections),68.00,make,VTR-CAL-001 mass x USD 4.50/kg plus cutting discs
2 Bearing tower and braces,1,"Two 5 mm plates 160 x 1050 mm (holes 50 mm at 200 mm and 38 mm at 1000 mm above the rim), 1.5 mm side sheets and bottom sheet, 6 mm top plate; two 30 x 30 x 2 mm SHS braces bolted to the base mid rail; 304 stainless; about 23.2 kg plus 3.7 kg of braces",Local stainless stockist (plate and sheet),125.00,make,Encloses chain 1; mass x USD 4.50/kg
3 Jackshaft,1,"40 mm round bar 660 mm long, 316 stainless, cross-drilled for two 6 mm sprocket pins; about 6.6 kg",Local stainless stockist (bar),45.00,make,Bar x USD 6.50/kg plus drilling
4 Crank shaft crank and grip,1,"30 mm 316 bar 512 mm long; crank arm 40 x 10 mm 304 flat bar 280 mm between centres with a 50 mm boss; turning grip 32 mm on a 12 mm pin, 120 mm long",Local stainless stockist; hardware store (grip),34.00,make,Grip bought
5 Ratchet pawl and cover,1,"Ratchet wheel 120 mm over the tips, 24 teeth, cut from 8 mm 304 plate with a 44 mm boss; pawl 8 mm plate on a 12 mm pin through the rear tower plate with a release lever outside the cover; 1.5 mm sheet cover; compression spring",Local stainless stockist; hardware store (spring),22.00,make,Teeth cut and filed by hand or plasma cut
6 Splash shield,1,"Frame of 25 x 25 x 3 mm 304 angle 1320 x 1400 mm; 4 mm translucent polypropylene sheet 1270 x 1140 mm; 8 M6 A4 bolts",Local stainless stockist; plastics supplier (PP sheet),70.00,make,PP sheet about USD 40; frame about 6 kg x USD 4.50/kg
7 Lift screw bracket,1,"Two 50 x 50 x 3 mm 304 SHS members 390 and 265 mm welded in an L; two 8 mm fork plates 115 x 66 mm; 2 M10 bolts to the tower top; about 3.9 kg",Local stainless stockist (sections),20.00,make,
8 Lift screw trunnions and handwheel,1,"Tr24 x 5 single-start threaded rod 316, 1250 mm (cut from 2 m); bronze Tr24 x 5 flanged nut in a 50 x 50 x 50 mm 316 trunnion block; upper 316 trunnion block with a 51105 stainless thrust ball bearing; 250 mm handwheel with spinner; trunnion pins 16 mm",Power transmission supplier (screw and nut); bearing shop; hardware store (handwheel),130.00,buy,Self-locking; 63 turns end to end (VTR-CAL-001)
9 Bushes,1,"Four flanged UHMW-PE bushes in the tower (two 40 mm bore and two 30 mm bore); torque tube bushes in UHMW-PE (40 x 70 x 95 mm and 60.3 x 70 x 60 mm); pivot tube plug bush 40 x 49 x 70 mm; two split glass-filled PTFE axle bushes 48.3 x 60 x 40 mm",Bearing shop or plastics supplier,63.00,buy,PTFE in the hot liquor; UHMW-PE only above it (VTR-DDR-002)
10 Sprockets,1,"ISO 606 08B-1 plate sprockets with hubs: 15 teeth bored 30 (crank) and 30 teeth bored 40 (jackshaft), zinc-plated steel, inside the tower; 17 teeth bored 40 and 51 teeth bored 48.3, 304 stainless, on the arm; each pinned with a 6 mm roll pin",Bearing and power transmission shop,97.00,buy,Stainless pair about USD 65; plated pair about USD 32
11 Roller chains,1,"ISO 606 08B-1: chain 1 zinc-plated steel about 1.9 m (inside the tower); chain 2 304 stainless about 2.3 m (on the arm); with connecting links",Bearing and power transmission shop,62.00,buy,Chain 2 runs in the liquor at the deepest settings (wear to confirm when parts are bought)
12 Pivot tube with plug and collars,1,"60.3 x 5.54 mm (2 in schedule 80) 304 pipe 1205 mm; welded-in end plug ring with UHMW-PE bush 40 mm bore; two split collars (68 mm inside the torque tube and 90 mm outside); 10 mm cross holes at 100 mm pitch toward the far end for the extension pin; about 9.1 kg",Local stainless stockist (pipe); bearing shop (collars),74.00,make,
13 Extension tube,1,"48.3 x 3.68 mm 304 pipe 1550 mm with 10 mm cross holes at 100 mm pitch; one 10 mm lynch pin with lanyard; about 6.3 kg",Local stainless stockist (pipe),33.00,make,Used for pits wider than about 1.22 m
14 Far stand with clamp and sleeve,1,"Crossbeam 50 x 50 x 3 mm 304 SHS 1650 mm; two legs 94 mm of the same SHS on 100 x 100 x 6 mm foot plates; clamp block 90 x 60 x 90 mm split on the tube centre line with 2 M10 bolts; split sleeve 48.3 to 60.3 mm in two halves; about 12.4 kg",Local stainless stockist,60.00,make,
15 Rubber pads,6,"EPDM pads 80 x 80 x 10 mm (four under the near stand) and 100 x 100 x 10 mm (two under the far stand)",Hardware store,3.00,buy,
16 Arm frame,1,"Torque tube 76.1 x 3 mm 316L 845 mm; near arm and far arm 60 x 40 x 3 mm 316L rectangular tube 812 mm; near split bearing housing 100 x 90 x 40 mm with a bolted cap; far open saddle 100 x 77 x 40 mm with a keeper; two 8 mm lever plates 280 x 50 mm; about 17.2 kg",Local stainless stockist (316L tube and plate),105.00,make,Mass x USD 6.50/kg plus 316L filler
17 Chain 2 guard,1,"Closed case of 1.5 mm 316 sheet: two side plates (hull of 112 and 250 mm circles 900 mm apart) and a 34 mm rim strip bent round by hand; two 16 mm spacer tubes 58 mm to the near arm; about 5.7 kg",Local stainless stockist (sheet),38.00,make,
18 Reel,1,"Axle 48.3 x 3.68 mm 316L pipe 900 mm; two spiders, each six 30 x 6 mm 316L flat bar spokes 560 mm on a 60.3 mm hub sleeve 40 mm long, with six 25 x 6 mm ties at 420 mm radius; about 19.4 kg",Local stainless stockist (316L pipe and flat bar),136.00,make,Mass x USD 6.50/kg plus 316L filler and a welding jig
19 Carrier bars with eyes and snap hooks,1,"Six 33.7 x 2 mm 316L tubes 582 mm with 75 x 50 x 6 mm end plates (2 x M10 A4 each end) and three 6 mm eye tabs; eighteen 316 snap hooks 60 mm; about 8.1 kg",Local stainless stockist; chandlery or hardware store (snap hooks),110.00,make,Snap hooks about USD 2.50 each
20 Loading hooks,2,"12 mm 316 rod 1500 mm with a 60 mm hook, on a 28 mm polypropylene handle 120 mm",Local stainless stockist,12.00,make,Kept on the base frame
21 Fasteners and pins,1,"A4 stainless M6 to M12 bolts, nuts and washers; 6 mm roll pins; R-clips and lanyards",Fastener supplier,45.00,buy,Not modeled
22 Assembly bar,1,"33.7 x 3.2 mm galvanized steel pipe 3.6 m, passed through the reel axle so two people on opposite rims can carry the reel",Local steel stockist,18.00,buy,Tool; not modeled
23 Welding and finishing consumables,1,"316L filler wire or rods, cutting and flap discs, pickling paste",Welding supplier,40.00,buy,Not modeled
